SNP;Chromosome;Basepair position;Risk allele;Risk allele counts in cases (n=93);Risk allele counts in controls (n=250);Odds ratio;95% CI;Unadjusted p-value;Bonferroni adjusted p-value
rs9847133;LMCD1-AS1;Chr 3, 8250522;C;71;188;1.018;0.72-1.44;0.9195;0.9715
rs887400;PRELID3BP3 - MIR633;Chr 17, 60945840;G;56;33;6.07;3.77-9.73;4.586e-16;0.004055
rs80268399;DLG2;Chr 11, 84152134;C;1;10;0.2638;0.03-2.07;0.1737;0.6303
rs7903146;TCF7L2;Chr 10, 114758349;T;64;179;0.9349;0.65-1.33;0.7089;0.8949
rs77741372;AP3B1;Chr 5, 77532068;C;10;21;1.291;0.59-2.79;0.5166;0.8185
rs7747641;LINC00574 - RPL12P23;Chr 6, 170418905;T;2;4;1.342;0.24-7.39;0.7342;0.9044
rs76859863;LINC00385 - KATNAL1;Chr 13, 30756207;A;16;57;0.7282;0.41-1.30;0.2838;0.7045
rs7534008;DEPDC1-AS1 - LINC01707;Chr 1, 69048029;T;51;182;0.6559;0.45-0.95;0.02502;0.4278
rs74927455;ST18;Chr 8, 53032943;A;4;33;0.3097;0.11-0.89;0.0213;0.4152
rs74073568;FYB2;Chr 1, 57260359;A;25;61;1.112;0.67-1.83;0.6757;0.8823
rs7364276;NHIP - RPL35P8;Chr 22, 49481929;C;26;86;0.7785;0.48-1.25;0.3008;0.7142
rs73284431;AGMO;Chr 7, 15434230;C;10;26;1.031;0.49-2.18;0.9354;0.9771
rs60227687;LRRC32 - GUCY2EP;Chr 11, 76385728;A;10;41;0.6333;0.31-1.29;0.2057;0.6543
rs57261374;MIR302F - RNU6-857P;Chr 18, 28423906;C;22;75;0.7566;0.45-1.26;0.2809;0.7028
rs4253735;PPARA;Chr 22, 46611026;G;4;11;0.973;0.31-3.10;0.9631;0.9869
rs3897727;ANO4;Chr 12, 101218303;T;35;102;0.8999;0.59-1.38;0.6284;0.864
rs17746147;VTI1A - LINC02935;Chr 10, 114599035;G;15;30;1.368;0.72-2.61;0.3382;0.7347
rs1468308;OR7A3P - OR7A11P;Chr 19, 15026063;C;72;176;1.156;0.82-1.64;0.4149;0.773
rs141311255;LINC02032 - HNRNPA1P20;Chr 3, 147874634;T;6;39;0.3923;0.16-0.94;0.03063;0.4443
rs139481214;RNU6-408P - MIR302F;Chr 18, 27615636;C;4;9;1.194;0.36-3.93;0.7698;0.9175
rs12885036;SPTB;Chr 14, 65228594;T;10;34;0.7754;0.37-1.60;0.4913;0.8076
rs12277475;MIR4686 - ASCL2;Chr 11, 2206933;T;17;80;0.5256;0.30-0.91;0.0209;0.4138
rs12231031;LINC03056 - DPY19L2;Chr 12, 63788021;G;30;82;0.9756;0.62-1.54;0.9156;0.9701
rs115585699;MIR4303 - RNU4-41P;Chr 12, 98779786;C;1;11;0.2393;0.03-1.87;0.1385;0.6002
rs115351876;ELFN1;Chr 7, 1769352;T;3;9;0.8907;0.24-3.32;0.8632;0.9514
rs115175234;SH2B2;Chr 7, 101942962;G;6;10;1.627;0.58-4.54;0.3484;0.7401
rs113052081;TREML2 - TREML3P;Chr 6, 41168979;C;9;19;1.282;0.57-2.89;0.5478;0.8316
