SNP;Chromosome;Basepair position;Risk allele;Risk allele counts in cases (n=63);Risk allele counts in  controls (n=280);Odds ratio;Lower 95% ;Upper 95%;Unadjusted p-value;Bonferroni adjusted p-value
rs2853734;1;28837575;T;45;102;2.484;1.627;3.791;1.683e-05;0.02996
rs10927114;1;236128525;A;30;41;3.941;2.345;6.62;4.449e-08;7.919e-05
rs34595606;2;10722518;A;18;24;3.708;1.945;7.069;2.479e-05;0.04413
rs503808;2;127446853;C;32;55;3.113;1.911;5.073;2.26e-06;0.004022
rs6800484;3;46131143;T;33;57;3.119;1.925;5.053;1.656e-06;0.002947
rs13143902;4;3027186;G;56;132;2.582;1.727;3.859;2.347e-06;0.004177
rs3816821;4;68458937;C;79;231;2.379;1.597;3.544;1.437e-05;0.02558
rs10027407;4;80897999;G;45;96;2.674;1.747;4.092;3.501e-06;0.006231
rs11098983;4;80919399;C;46;94;2.838;1.855;4.342;7.781e-07;0.001385
rs7704608;5;68215818;C;50;120;2.401;1.594;3.619;2.005e-05;0.03569
rs7709866;5;96688709;G;75;214;2.364;1.593;3.507;1.389e-05;0.02472
rs7752672;6;125587423;G;27;45;3.109;1.842;5.247;1.01e-05;0.01798
rs2686781;7;48060571;C;27;42;3.351;1.974;5.688;2.87e-06;0.005109
rs2192654;7;78184351;C;18;23;3.877;2.023;7.43;1.418e-05;0.02525
rs4880993;10;2351025;A;24;37;3.313;1.9;5.776;1.001e-05;0.01781
rs10836535;11;36338370;C;78;228;2.352;1.581;3.499;1.778e-05;0.03165
rs72472161;11;62149308;G;12;6;9.684;3.561;26.34;8.745e-08;0.0001557
rs34994217;12;118191088;C;8;4;9.39;2.782;31.7;1.364e-05;0.02428
rs9516914;13;98000511;A;25;39;3.294;1.909;5.684;7.67e-06;0.01365
rs1362547;16;52563883;T;28;50;2.903;1.742;4.837;2.337e-05;0.04159
rs3811;18;5954871;T;20;26;3.861;2.079;7.17;5.646e-06;0.01005
rs557639;18;5966874;A;26;30;4.576;2.596;8.067;1.676e-08;2.983e-05
rs7256695;19;4703224;T;15;17;4.3;2.085;8.868;2.111e-05;0.03758
